<?xml version="1.0" encoding="UTF-8" standalone="no"?>
<Pagelet>
    <DataPagelet>
        <PageletHeader>
            <PageletName>OpenTheDoor</PageletName>
            <PageletDescription>OpenTheDoor</PageletDescription>
            <PageletVersion>1.0</PageletVersion>
        </PageletHeader>
        <PageletBody>
            <PageletFields>
                <PageletField>
                    <FieldOrderID>999</FieldOrderID>
                    <FieldName>CalledNumber</FieldName>
                    <FieldDisplayName>CalledNumber</FieldDisplayName>
                    <FieldType>String</FieldType>
                    <FieldValidation>
                        <StringValidation>
                            <MinLength>1</MinLength>
                            <MaxLength>30</MaxLength>
                        </StringValidation>
                    </FieldValidation>
                    <FieldDefaultValue>2001</FieldDefaultValue>
                    <IsFieldTemplatable>true</IsFieldTemplatable>
                    <IsFieldMandatory>true</IsFieldMandatory>
                    <FieldDescription>Called Number</FieldDescription>
                    <FieldAccessLevel>1</FieldAccessLevel>
                    <FieldScope>Local</FieldScope>
                </PageletField>
                <PageletField>
                    <FieldOrderID>999</FieldOrderID>
                    <FieldName>CallingNumber</FieldName>
                    <FieldDisplayName>Calling Number</FieldDisplayName>
                    <FieldType>String</FieldType>
                    <FieldValidation>
                        <StringValidation>
                            <MinLength>1</MinLength>
                            <MaxLength>10</MaxLength>
                        </StringValidation>
                    </FieldValidation>
                    <FieldDefaultValue>1000</FieldDefaultValue>
                    <IsFieldTemplatable>true</IsFieldTemplatable>
                    <IsFieldMandatory>false</IsFieldMandatory>
                    <FieldDescription>Calling Number</FieldDescription>
                    <FieldAccessLevel>1</FieldAccessLevel>
                    <FieldScope>Local</FieldScope>
                </PageletField>
            </PageletFields>
        </PageletBody>
    </DataPagelet>
</Pagelet>
